,Price_Returns,CCUSMA02EZM618N,CPIAUCSL,UNRATE
1987-06-30,0.0012854851001415449,0.8765000000003059,113.5,6.2
1987-07-31,0.0021805608288049407,0.8886000000002241,113.8,6.1
1987-08-31,-0.0032604135326521197,0.89600000000064,114.3,6.0
1987-09-30,-0.000306236509806586,0.8734999999996941,114.7,5.9
1987-10-31,0.0008101219939793907,0.868599999999788,115.0,6.0
1987-11-30,-0.002799431682193347,0.814700000000812,115.4,5.8
1987-12-31,0.00018237939169710927,0.791400000000067,115.6,5.7
1988-01-31,-0.003959748139180529,0.800100000000384,116.0,5.7
1988-02-29,-0.00466466998528788,0.822000000000116,116.2,5.7
1988-03-31,0.002854527483087894,0.8109000000004021,116.5,5.7
1988-04-30,0.0032616015393763624,0.805700000000798,117.2,5.4
1988-05-31,-0.0010438188362170595,0.813099999999395,117.5,5.6
1988-06-30,-0.005948219181385661,0.8425000000006551,118.0,5.4
1988-07-31,0.005363650919381508,0.8863000000001191,118.5,5.4
1988-08-31,-0.003770194798655103,0.9058999999997472,119.0,5.6
1988-09-30,-0.008210762000206791,0.9002999999993341,119.5,5.4
1988-10-31,0.003212727916116836,0.87960000000021,119.9,5.4
1988-11-30,0.006672719095141929,0.8444999999992429,120.3,5.3
1988-12-31,0.006059410414438196,0.843999999999141,120.7,5.3
1989-01-31,0.0006822516017883533,0.8804999999993021,121.2,5.4
1989-02-28,0.0026442763620931954,0.8888999999999209,121.6,5.2
1989-03-31,0.008295161599339396,0.8966999999993279,122.2,5.0
1989-04-30,-0.00044487829275292044,0.899199999999837,123.1,5.2
1989-05-31,-0.004126314025008581,0.9375,123.7,5.2
1989-06-30,0.00022765522570500856,0.955400000000736,124.1,5.3
1989-07-31,-0.005350051702139102,0.914000000000669,124.5,5.2
1989-08-31,0.002387731162173607,0.927799999999479,124.5,5.2
1989-09-30,0.002818017278915518,0.941100000000006,124.8,5.3
1989-10-31,0.0017951175752047854,0.9071999999996478,125.4,5.3
1989-11-30,-0.0010602378342392629,0.893899999999121,125.9,5.4
1989-12-31,0.006932525074261745,0.856499999999869,126.3,5.4
1990-01-31,-0.000783908963287818,0.831899999999223,127.5,5.4
1990-02-28,-0.003189760531105873,0.8207999999995079,128.0,5.3
1990-03-31,-0.002998620843658696,0.835100000000239,128.6,5.2
1990-04-30,-0.004599777796631653,0.8251000000000199,128.9,5.4
1990-05-31,-0.0027315140906011936,0.8114000000005039,129.1,5.4
1990-06-30,0.0014767745546902865,0.8176999999996041,129.9,5.2
1990-07-31,0.009415739924790879,0.792699999999968,130.5,5.5
1990-08-31,0.017594501993220876,0.759899999999106,131.6,5.7
1990-09-30,0.020224704092812473,0.7616999999991091,132.5,5.9
1990-10-31,-0.0058779149694614344,0.7397999999993772,133.4,5.9
1990-11-30,-0.003508710998673145,0.7240000000001601,133.7,6.2
1990-12-31,-0.004294706863203696,0.7319999999999709,134.2,6.3
1991-01-31,-0.00920542438513976,0.7366999999994731,134.7,6.4
1991-02-28,-0.002380389617557982,0.7225999999991469,134.8,6.6
1991-03-31,-0.0035005411800830056,0.7818000000006579,134.8,6.8
1991-04-30,0.004231015851221714,0.826699999999619,135.1,6.7
1991-05-31,-0.0015767528646150255,0.83389999999963,135.6,6.9
1991-06-30,-0.0012966285846607584,0.868700000000899,136.0,6.9
1991-07-31,0.002738291590176742,0.8706999999994879,136.2,6.8
1991-08-31,0.0022350300134672085,0.8503000000000609,136.6,6.9
1991-09-30,0.0020942466452007692,0.8281000000006321,137.0,6.9
1991-10-31,0.0012088823372655084,0.82550000000083,137.2,7.0
1991-11-30,-0.004201827953160423,0.795000000000073,137.8,7.0
1991-12-31,-0.005663138511959077,0.768099999999322,138.2,7.3
1992-01-31,0.0012541688284595737,0.7705999999998309,138.3,7.3
1992-02-29,-0.001807805627158765,0.791999999999462,138.6,7.4
1992-03-31,0.004212022514417077,0.8127000000004041,139.1,7.4
1992-04-30,0.0014641600180402784,0.804899999999179,139.4,7.4
1992-05-31,0.002693023010883083,0.78859999999986,139.7,7.6
1992-06-30,-0.00015833721960252132,0.767900000000736,140.1,7.8
1992-07-31,-0.00040086371537425994,0.7297999999991591,140.5,7.7
1992-08-31,-0.001708546162601891,0.7134999999998399,140.8,7.6
1992-09-30,0.0012320039350789504,0.721999999999753,141.1,7.6
1992-10-31,-0.0023925080072783197,0.7551999999996041,141.7,7.3
1992-11-30,0.0003553477492527266,0.807199999999284,142.1,7.4
1992-12-31,-0.003507501672862565,0.807199999999284,142.3,7.4
1993-01-31,0.0018398142685323582,0.825000000000728,142.8,7.3
1993-02-28,0.001063676896773207,0.845300000000861,143.1,7.1
1993-03-31,-0.00023214614822676248,0.8484000000007659,143.3,7.0
1993-04-30,0.00043705188207568413,0.820100000000821,143.8,7.1
1993-05-31,-0.001153059488738871,0.8212000000003169,144.2,7.1
1993-06-30,-0.002483848018633575,0.8443000000006579,144.3,7.0
1993-07-31,-0.0014477814073673332,0.8783999999996009,144.5,6.9
1993-08-31,-0.00027988510158827307,0.8824000000004159,144.8,6.8
1993-09-30,0.00145672149689998,0.8482000000003609,145.0,6.7
1993-10-31,-0.005182477650748418,0.859300000000076,145.6,6.8
1993-11-30,-0.003547279721781861,0.8858000000000179,146.0,6.6
1993-12-31,-0.003361210679517636,0.8858000000000179,146.3,6.5
1994-01-31,0.006094267423811595,0.8974999999991271,146.3,6.6
1994-02-28,-0.004166654859755181,0.894800000000032,146.7,6.6
1994-03-31,-0.00089709401840602,0.8760000000002042,147.1,6.5
1994-04-30,0.008061168403659634,0.8773000000001051,147.2,6.4
1994-05-31,0.0027538058144548514,0.858599999999569,147.5,6.1
1994-06-30,0.0035391247488251783,0.845699999999852,147.9,6.1
1994-07-31,0.0029004558617945855,0.8184999999994041,148.4,6.1
1994-08-31,-0.006240025877156976,0.8179999999993021,149.0,6.0
1994-09-30,0.002027128714556686,0.809999999999491,149.3,5.9
1994-10-31,0.00136656560649944,0.7932000000000698,149.4,5.8
1994-11-30,-0.0004937055347405204,0.804400000000896,149.8,5.6
1994-12-31,-0.002052217806933837,0.8227999999999159,150.1,5.5
1995-01-31,0.0017484949709243567,0.803400000000693,150.5,5.6
1995-02-28,0.001315534550854086,0.794560000000274,150.9,5.4
1995-03-31,0.0019122410668871775,0.759586960000888,151.2,5.4
1995-04-30,0.0031639687575643,0.745621050000409,151.8,5.8
1995-05-31,-0.0033502015657648513,0.756042860000889,152.1,5.6
1995-06-30,-0.002520912175345497,0.7522150000004331,152.4,5.6
1995-07-31,-0.0022786928255815794,0.7434379999995141,152.6,5.7
1995-08-31,0.001242021746862786,0.7702681899991151,152.9,5.7
1995-09-30,0.0011755439865003005,0.7760142799997991,153.1,5.6
1995-10-31,6.153270020082207e-05,0.756377269999575,153.5,5.5
1995-11-30,0.0015286945122535247,0.755342860000383,153.7,5.6
1995-12-31,0.0045375142640989964,0.7665888899991841,153.9,5.6
1996-01-31,-0.005036411929100557,0.774245450000308,154.7,5.6
1996-02-29,0.005973995224978794,0.7760666699996359,155.0,5.5
1996-03-31,0.003977191749698207,0.7804285700003679,155.5,5.5
1996-04-30,-0.0014133112836812345,0.7907333300008761,156.1,5.6
1996-05-31,-0.003249429343612122,0.8022684200004729,156.4,5.6
1996-06-30,0.0033018822914726185,0.797715009999592,156.7,5.3
1996-07-31,-0.0005049288596299915,0.7873956500006899,157.0,5.5
1996-08-31,0.004883875739505201,0.779268180000145,157.2,5.1
1996-09-30,0.0070800480832152995,0.788695240000379,157.7,5.2
1996-10-31,-0.00227907948559365,0.7943260899992309,158.2,5.2
1996-11-30,0.0009352488882724183,0.7826523799994899,158.7,5.4
1996-12-31,0.0017232333289476597,0.7996849999999541,159.1,5.4
1997-01-31,-0.0011522970370322772,0.822170909999841,159.4,5.3
1997-02-28,-0.009257818825489442,0.85743999999977,159.7,5.2
1997-03-31,-0.0022354077797346384,0.8697714299996729,159.8,5.2
1997-04-30,-0.0005634838514107661,0.87358094999945,159.9,5.1
1997-05-31,0.0020915156409994982,0.870735000000423,159.9,4.9
1997-06-30,-0.001797307295497615,0.879661900000428,160.2,5.0
1997-07-31,0.0020817543063817888,0.9053565199992588,160.4,4.9
1997-08-31,-0.002456812569799999,0.9324749999996128,160.8,4.8
1997-09-30,0.005055602495863908,0.909499999999753,161.2,4.9
1997-10-31,-0.0009685653568238323,0.8903652200006039,161.5,4.7
1997-11-30,-0.0011076936481091485,0.8777578900007941,161.7,4.6
1997-12-31,-0.008328014310795032,0.899750000000495,161.8,4.7
1998-01-31,-0.0004921336198943981,0.9191666700007768,162.0,4.6
1998-02-28,-0.006843370777541552,0.918750000000728,162.0,4.6
1998-03-31,0.0023831131370981836,0.922254549999707,162.0,4.7
1998-04-30,-7.277070470781966e-05,0.916540000000168,162.2,4.3
1998-05-31,0.0012593926943841257,0.90181499999926,162.6,4.4
1998-06-30,-0.007017347376865834,0.9117999999998572,162.8,4.5
1998-07-31,0.0030160646884207403,0.91480435000085,163.2,4.5
1998-08-31,-0.0020386335816486244,0.90782380952381,163.4,4.5
1998-09-30,0.009327829869571869,0.8668,163.5,4.6
1998-10-31,-0.008821930123395211,0.8383181818181821,163.9,4.5
1998-11-30,-0.00868368790451963,0.8584095238095241,164.1,4.4
1998-12-31,0.0037661460549269672,0.852990909090909,164.4,4.4
1999-01-31,0.004247127184988486,0.86152598295,164.7,4.3
1999-02-28,-0.0033400663522392972,0.8923797552,164.7,4.4
1999-03-31,0.01563826968431855,0.918689368086957,164.8,4.2
1999-04-30,0.004820276550283037,0.93434114647619,165.9,4.3
1999-05-31,-0.005459402460442017,0.94091239447619,166.0,4.2
1999-06-30,0.00664142416020195,0.9636387317727272,166.0,4.3
1999-07-31,0.008003872194938614,0.966225199954545,166.7,4.3
1999-08-31,0.0027877762658306787,0.9435675375,167.1,4.2
1999-09-30,0.004056925732573365,0.950979647636364,167.8,4.2
1999-10-31,-0.0036228437349689006,0.933960847809524,168.1,4.1
1999-11-30,0.008269877677595466,0.96829107195,168.4,4.1
1999-12-31,-0.0002487094661866497,0.98824309352381,168.8,4.0
2000-01-31,0.004358551407028561,0.98659965515,169.3,4.0
2000-02-29,0.0033530121549120847,1.01583126038095,170.0,4.1
2000-03-31,-0.00776497609659747,1.03626881430435,171.0,4.0
2000-04-30,1.4472348339758215e-05,1.057506551,170.9,3.8
2000-05-31,0.010680689317253713,1.1019083055909098,171.2,4.0
2000-06-30,0.0032033639843395186,1.05298371918182,172.2,4.0
2000-07-31,-0.010189942816495429,1.06541093333333,172.7,4.0
2000-08-31,0.01464216754878954,1.10593816330435,172.7,4.1
2000-09-30,-0.00928822360035069,1.1483974475714298,173.6,3.9
2000-10-31,0.0031369920567702906,1.171642344,173.9,3.9
2000-11-30,0.003648230719453431,1.16781840709524,174.2,3.9
2000-12-31,-0.018568144079279494,1.11084724065,174.6,3.9
2001-01-31,0.007826880100595306,1.06510992013636,175.6,4.2
2001-02-28,-0.002386073598666427,1.0853814393,176.0,4.2
2001-03-31,-0.0028972209242667424,1.10101394831818,176.1,4.3
2001-04-30,0.0072670845505142115,1.118874966,176.4,4.4
2001-05-31,0.0022831183151949997,1.143491682,177.3,4.3
2001-06-30,-0.0038709220264660795,1.1708814672381005,177.7,4.5
2001-07-31,-0.003111054170764233,1.16093285659091,177.4,4.6
2001-08-31,0.004332571388396306,1.10859362878261,177.4,4.9
2001-09-30,-0.008787894194130624,1.09583135555,178.1,5.0
2001-10-31,-0.004423705714864057,1.10384873391304,177.6,5.3
2001-11-30,-0.00027200606148869433,1.12572307731818,177.5,5.5
2001-12-31,0.0015737385274860723,1.11988998488889,177.4,5.7
2002-01-31,-0.00035041126112622163,1.13291086557143,177.7,5.7
2002-02-28,0.0045982649919951105,1.1485257019,178.0,5.7
2002-03-31,0.009867217128497616,1.14076238890476,178.5,5.7
2002-04-30,0.0032170845439544334,1.1276855728181798,179.3,5.9
2002-05-31,-0.005253530312515242,1.08912031656522,179.5,5.8
2002-06-30,0.00350591447280765,1.04543044505,179.6,5.8
2002-07-31,0.001711398710165655,1.00834930243478,180.0,5.8
2002-08-31,0.0022464044881583115,1.02246676136364,180.5,5.7
2002-09-30,0.0027669003569327274,1.018930549,180.8,5.7
2002-10-31,-0.00561508433581279,1.01855763682609,181.2,5.7
2002-11-30,0.0006547894398976549,0.9983914570476192,181.5,5.9
2002-12-31,0.008110654362607893,0.9816505963684208,181.8,6.0
2003-01-31,0.0023492410423121405,0.940409409954545,182.6,5.8
2003-02-28,0.00377465527940255,0.92759539015,183.6,5.9
2003-03-31,-0.008483461938526655,0.926530916619048,183.9,5.9
2003-04-30,-0.007571156363773812,0.919937204636364,183.2,6.0
2003-05-31,0.005545312783424305,0.8642839573636361,182.9,6.1
2003-06-30,0.004192689454780791,0.8568760615238091,183.1,6.3
2003-07-31,-8.701731921692184e-05,0.879662635565217,183.7,6.2
2003-08-31,0.002859648189482668,0.896928097333333,184.5,6.1
2003-09-30,-0.0033337275988958655,0.888519456863636,185.1,6.1
2003-10-31,-0.00013181333820596076,0.8546855464347829,184.9,6.0
2003-11-30,0.002110699084721207,0.8534178999500001,185.0,5.8
2003-12-31,0.0025250572329381608,0.8131120243333331,185.5,5.7
2004-01-31,-0.0008209450250825327,0.7927523476666669,186.3,5.7
2004-02-29,0.005592590858175789,0.79142678405,186.7,5.6
2004-03-31,-0.0006437593718725592,0.8155332246956519,187.1,5.8
2004-04-30,0.004172383651194726,0.8335187209999999,187.4,5.6
2004-05-31,0.002561677569312888,0.8324215129047621,188.2,5.6
2004-06-30,-0.0046503885958160025,0.823177725863636,188.9,5.6
2004-07-31,0.010341849263870545,0.815449970954545,189.1,5.5
2004-08-31,-0.0017239147298981753,0.8202851114090909,189.2,5.4
2004-09-30,0.008587304380649924,0.817896862136364,189.8,5.4
2004-10-31,0.0005906842997193023,0.8010767147619051,190.8,5.5
2004-11-30,-0.0036448503084858756,0.7693685486363641,191.7,5.4
2004-12-31,-0.0032254282026085157,0.7454376067391301,191.7,5.4
2005-01-31,0.005147848942684885,0.7628096826190479,191.6,5.3
2005-02-28,0.0060724251415670725,0.7676513350499999,192.4,5.4
2005-03-31,0.00300015618941334,0.758813429434783,193.1,5.2
2005-04-30,-0.002169194074333189,0.7726796172857141,193.7,5.2
2005-05-31,-0.0010508205134054775,0.7885121195,193.6,5.1
2005-06-30,0.005456584377311633,0.8225777412727271,193.7,5.0
2005-07-31,0.0038785391213091726,0.829936078714286,194.9,5.0
2005-08-31,0.005019240949663005,0.8133932101304351,196.1,4.9
2005-09-30,-0.003386264258594002,0.8166935065,198.8,5.0
2005-10-31,-0.0023848811784538708,0.831279693190476,199.1,5.0
2005-11-30,-0.004091597159736262,0.847904099363636,198.1,5.0
2005-12-31,0.004492218865309753,0.843182467863636,198.1,4.9
2006-01-31,0.00398131723376371,0.825230608636364,199.3,4.7
2006-02-28,-0.0025896302141238834,0.83755990065,199.4,4.8
2006-03-31,0.0045363923894420006,0.831187266217391,199.7,4.7
2006-04-30,0.005007205754381189,0.8141953955,200.7,4.7
2006-05-31,-0.002624490733953322,0.782905714217391,201.3,4.6
2006-06-30,0.003823505535827574,0.789752016636364,201.8,4.6
2006-07-31,0.0011506786541405991,0.7878321156666669,202.9,4.7
2006-08-31,-0.00415631977689715,0.780600743304348,203.8,4.7
2006-09-30,-0.006127607584469127,0.785348418952381,202.8,4.5
2006-10-31,-0.002079990523163534,0.7922798053636361,201.9,4.4
2006-11-30,0.006453979135912901,0.775805355454545,202.0,4.5
2006-12-31,-0.004546777908701166,0.7576693085238101,203.1,4.4
2007-01-31,-0.001780328847943816,0.7692050271739129,203.437,4.6
2007-02-28,0.0028114223994892304,0.7641653326000001,204.226,4.5
2007-03-31,0.006617175286973026,0.7547579095,205.288,4.4
2007-04-30,-0.0008753462566261843,0.740196535095238,205.904,4.5
2007-05-31,0.0007764648875518017,0.740158730043478,206.755,4.4
2007-06-30,0.0028515876317443123,0.7450341002380949,207.234,4.6
2007-07-31,0.003143614095348997,0.728967981954545,207.603,4.7
2007-08-31,-0.0025767867018541713,0.7341981740434781,207.667,4.6
2007-09-30,0.0060936413399283315,0.71884956405,208.547,4.7
2007-10-31,0.0047508583082072064,0.7027786407391299,209.19,4.7
2007-11-30,-0.0004751829546969722,0.6807399047727271,210.834,4.7
2007-12-31,0.0030390794412920733,0.6867732255500001,211.445,5.0
2008-01-31,-0.0008744171418604391,0.6796661957391299,212.174,5.0
2008-02-29,0.00494615272738842,0.678629145190476,212.687,4.9
2008-03-31,0.0008965110632830064,0.644097590571429,213.448,5.1
2008-04-30,0.003903874227234927,0.6350929536363641,213.942,5.0
2008-05-31,0.0068719637821292815,0.642545454545455,215.208,5.4
2008-06-30,0.004099980261640939,0.6429047619047621,217.463,5.6
2008-07-31,-0.004686704804126706,0.6346086956521739,219.016,5.8
2008-08-31,-0.003905978833984998,0.669,218.69,6.1
2008-09-30,-0.0086172483706168,0.697045454545455,218.877,6.1
2008-10-31,-0.018253887917266926,0.7533478260869559,216.995,6.5
2008-11-30,-0.01119639038117461,0.7861,213.153,6.8
2008-12-31,-0.011517345601804502,0.74475,211.398,7.3
2009-01-31,0.01272220323852205,0.7583,211.933,7.8
2009-02-28,0.0013339012893191417,0.78065,212.705,8.3
2009-03-31,0.0024154953683804673,0.766863636363636,212.495,8.7
2009-04-30,0.004623925579671099,0.7574090909090909,212.709,9.0
2009-05-31,0.013030154973583835,0.731952380952381,213.022,9.4
2009-06-30,0.0024142867390636365,0.713568181818182,214.79,9.5
2009-07-31,0.0016275469909559739,0.709826086956522,214.726,9.5
2009-08-31,-0.0003622152671316492,0.701,215.445,9.6
2009-09-30,-0.001973674130818789,0.686454545454545,215.861,9.8
2009-10-31,0.006064054958809199,0.675,216.509,10.0
2009-11-30,0.0020908404048675224,0.670233333333333,217.234,9.9
2009-12-31,0.00024812733571412014,0.686347826086957,217.347,9.9
2010-01-31,-0.004657445690064654,0.7001428571428571,217.488,9.8
2010-02-28,0.00397943568197679,0.73085,217.281,9.8
2010-03-31,0.002336655489065577,0.737,217.353,9.9
2010-04-30,0.003493543504015069,0.746545454545455,217.403,9.9
2010-05-31,-0.00785411690787014,0.7954285714285709,217.29,9.6
2010-06-30,0.0013281380844735484,0.818954545454545,217.199,9.4
2010-07-31,0.001759545362026726,0.7820454545454549,217.605,9.4
2010-08-31,-0.000916802093486092,0.7754090909090909,217.923,9.5
2010-09-30,0.003295054153446574,0.763909090909091,218.275,9.5
2010-10-31,0.0010701942972769073,0.72,219.035,9.4
2010-11-30,0.0020744782333262774,0.733454545454545,219.59,9.8
2010-12-31,0.003708210699571784,0.7567826086956521,220.472,9.3
2011-01-31,0.0030685556300964756,0.7484095238095241,221.187,9.1
2011-02-28,0.0068168455950614135,0.73225,221.898,9.0
2011-03-31,0.0018870854178271459,0.7135652173913041,223.046,9.0
2011-04-30,0.004546735396769148,0.691714285714286,224.093,9.1
2011-05-31,-0.0033393820967527795,0.698454545454545,224.806,9.0
2011-06-30,-0.0019572600542577608,0.694181818181818,224.806,9.1
2011-07-31,0.0019335690123637671,0.7000476190476189,225.395,9.0
2011-08-31,0.0003881893144248633,0.697652173913043,226.106,9.0
2011-09-30,-0.004570669306605435,0.727,226.597,9.0
2011-10-31,0.0014821830431135598,0.728857142857143,226.75,8.8
2011-11-30,0.0013422850301325934,0.737136363636364,227.169,8.6
2011-12-31,-0.0013342942750882102,0.760636363636364,227.223,8.5
2012-01-31,0.0010818180603620164,0.775,227.842,8.3
2012-02-29,0.005228737916419812,0.7554761904761909,228.329,8.3
2012-03-31,0.0005148608771310151,0.757136363636364,228.807,8.2
2012-04-30,-0.0021189333631721854,0.759952380952381,229.187,8.2
2012-05-31,-0.006226196542141034,0.7817826086956521,228.713,8.2
2012-06-30,-0.004431377626101732,0.7977142857142858,228.524,8.2
2012-07-31,0.005781174684470962,0.8140909090909091,228.59,8.2
2012-08-31,0.0032213184395664023,0.806173913043478,229.918,8.1
2012-09-30,-0.001062945999362367,0.77715,231.015,7.8
2012-10-31,-0.0005109144993069774,0.770608695652174,231.638,7.8
2012-11-30,0.0005298066430500713,0.779227272727273,231.249,7.7
2012-12-31,3.0387356518862818e-05,0.7617619047619051,231.221,7.9
2013-01-31,0.002036084983953151,0.752,231.679,8.0
2013-02-28,-0.001518072786841024,0.74955,232.937,7.7
2013-03-31,-0.0016516824607735348,0.772047619047619,232.282,7.5
2013-04-30,-0.0029188736336097894,0.767772727272727,231.797,7.6
2013-05-31,-0.000347006363739032,0.7707142857142858,231.893,7.5
2013-06-30,0.0011070890619352737,0.758586,232.445,7.5
2013-07-31,0.0023576848235376535,0.764642173913043,232.9,7.3
2013-08-31,0.0033328564828452793,0.7510654545454549,233.456,7.2
2013-09-30,-0.003553776802480957,0.74911619047619,233.544,7.2
2013-10-31,-7.413871787910053e-05,0.733005652173913,233.669,7.2
2013-11-30,0.001671466208519573,0.7413595238095241,234.1,6.9
2013-12-31,-0.00043740923440623486,0.7297122727272729,234.719,6.7
2014-01-31,-0.0007127670750524219,0.73408347826087,235.288,6.6
2014-02-28,0.0004316574576850833,0.731746,235.547,6.7
2014-03-31,-0.0013016828720131175,0.7231647619047621,236.028,6.7
2014-04-30,0.0012396933326887225,0.7240890909090909,236.468,6.2
2014-05-31,0.0002584899490089806,0.728108181818182,236.918,6.3
2014-06-30,0.000821473168780615,0.735575238095238,237.231,6.1
2014-07-31,-0.0025398849841845495,0.7388569565217391,237.498,6.2
2014-08-31,-0.0017342606813513914,0.75092,237.46,6.1
2014-09-30,-0.003099612966358015,0.775189545454545,237.477,5.9
2014-10-31,-0.005018894241699632,0.789044347826087,237.43,5.7
2014-11-30,-0.008041696140322609,0.8013680000000001,236.983,5.8
2014-12-31,-0.011770544063491711,0.812196086956522,236.252,5.6
2015-01-31,-0.007213893605101318,0.8599027272727271,234.747,5.7
2015-02-28,0.01383666836412803,0.8805629999999999,235.342,5.5
2015-03-31,-0.006148870644344051,0.924472727272727,235.976,5.4
2015-04-30,0.008459515125012064,0.924685454545455,236.222,5.4
2015-05-31,-0.0003447137964693148,0.896117142857143,237.001,5.6
2015-06-30,-0.0019157536085580471,0.8915577272727271,237.657,5.3
2015-07-31,-0.005187060482879453,0.908782608695652,238.034,5.2
2015-08-31,-0.004696409172918853,0.8983647619047621,238.033,5.1
2015-09-30,-0.00017128911776553342,0.891428636363636,237.498,5.0
2015-10-31,0.0009556150155170226,0.890323636363636,237.733,5.0
2015-11-30,-0.004152484008276386,0.93277,238.017,5.1
2015-12-31,-0.00779992168386848,0.918451304347826,237.761,5.0
2016-01-31,-0.004155470447039194,0.921767142857143,237.652,4.8
2016-02-29,0.005064876229415071,0.9017023809523812,237.336,4.9
2016-03-31,0.0013634854481235107,0.898522608695652,238.08,5.0
2016-04-30,0.010756885286501776,0.8818176190476189,238.992,5.1
2016-05-31,0.00399620984005253,0.884608181818182,239.557,4.8
2016-06-30,-0.0008574736886051653,0.890281363636364,240.222,4.9
2016-07-31,-0.0075276215847793655,0.9043114285714292,240.101,4.8
2016-08-31,0.007321980063909504,0.89225,240.545,4.9
2016-09-30,0.0006455688951986934,0.891918636363636,241.176,5.0
2016-10-31,-0.0019002319768123064,0.907677142857143,241.741,4.9
2016-11-30,0.0020812869431968747,0.927670454545454,242.026,4.7
2016-12-31,0.007194040504171301,0.948851363636364,242.637,4.7
2017-01-31,0.00036860269765344916,0.940747272727273,243.618,4.7
2017-02-28,-0.0016200189514005536,0.939364,244.006,4.6
2017-03-31,-0.0007896958599978323,0.935317391304348,243.892,4.4
2017-04-30,-0.0027288849660988108,0.9333455,244.193,4.4
2017-05-31,0.00014612063406226967,0.904472173913043,244.004,4.4
2017-06-30,-0.001994204001465398,0.890008181818182,244.163,4.3
2017-07-31,0.004919169604716796,0.8681657142857142,244.243,4.3
2017-08-31,0.0006786944743053814,0.846646956521739,245.183,4.4
2017-09-30,0.003864799196276353,0.83948619047619,246.435,4.3
2017-10-31,0.003412039923081291,0.850687272727273,246.626,4.2
2017-11-30,0.0016872980329414714,0.8517459090909091,247.284,4.2
2017-12-31,0.0026851456791334074,0.845299523809524,247.805,4.1
2018-01-31,0.0007727766005332093,0.8199269565217391,248.859,4.0
2018-02-28,-0.0011696249925465863,0.810291,249.529,4.1
2018-03-31,0.0021783533275651183,0.811034090909091,249.577,4.0
2018-04-30,0.004977169784612245,0.814952857142857,250.227,4.0
2018-05-31,0.0005155766161742271,0.847136956521739,250.792,3.8
2018-06-30,0.0007755723372733014,0.856363333333333,251.018,4.0
2018-07-31,-0.0017714547091008392,0.855792727272727,251.214,3.8
2018-08-31,0.0016913624142410792,0.8658630434782609,251.663,3.8
2018-09-30,0.0037171905502251636,0.8570639999999999,252.182,3.7
2018-10-31,-0.004265297887145093,0.8707708695652171,252.772,3.8
2018-11-30,-0.011456415636955385,0.8799522727272729,252.594,3.8
2018-12-31,-0.007296015530204105,0.8787457142857141,252.767,3.9
2019-01-31,0.009916034446142257,0.87572652173913,252.561,4.0
2019-02-28,0.00213545217436657,0.881373,253.319,3.8
2019-03-31,0.0021654275781973925,0.885216666666667,254.277,3.8
2019-04-30,0.0030658397439166096,0.889998181818182,255.233,3.7
2019-05-31,-0.003363226369170171,0.89389652173913,255.296,3.6
2019-06-30,0.000764729857965768,0.8853465,255.213,3.6
2019-07-31,-0.002059761407070383,0.8917004347826091,255.802,3.7
2019-08-31,-0.0018811021320531745,0.8988809090909091,256.036,3.6
2019-09-30,0.0005872195188539187,0.9084157142857142,256.43,3.5
2019-10-31,-0.0010568759837023762,0.9046469565217392,257.155,3.6
2019-11-30,0.004081829690442917,0.905019047619048,257.879,3.6
2019-12-31,0.0023500098628440854,0.89996,258.63,3.6
2020-01-31,-0.006763895053202363,0.900732608695652,258.906,3.6
2020-02-29,-0.0055446245856128895,0.916945,259.246,3.5
2020-03-31,-0.040373682097979695,0.905850454545455,258.15,4.4
2020-04-30,0.018758634206183566,0.91977,256.126,14.8
2020-05-31,0.03576368167021166,0.9169185714285708,255.848,13.2
2020-06-30,0.009633708443733534,0.888126363636364,257.004,11.0
2020-07-31,0.00162916916463882,0.8716091304347829,258.408,10.2
2020-08-31,0.0024844668995412655,0.8453547619047621,259.366,8.4
2020-09-30,-0.004838502315314136,0.8485795454545451,259.951,7.8
2020-10-31,-0.004339082073225339,0.849596363636364,260.249,6.8
2020-11-30,0.012461157580274388,0.845119523809524,260.895,6.7
2020-12-31,0.004157809458276964,0.82189652173913,262.005,6.7
2021-01-31,0.003942540218536716,0.82172380952381,262.518,6.4
2021-02-28,0.008908986027854681,0.826744,263.583,6.2
2021-03-31,-0.0010113602458095585,0.840463913043478,264.91,6.1
2021-04-30,0.0033618527512546794,0.8360318181818179,266.752,6.1
2021-05-31,0.001404102824398512,0.8229414285714292,268.452,5.8
2021-06-30,0.004767687064308312,0.830012272727273,270.664,5.9
2021-07-31,0.0007085602046780719,0.845684545454545,271.994,5.4
2021-08-31,-0.002403455711645199,0.8498136363636359,272.789,5.1
2021-09-30,0.002712074872467264,0.8496259090909091,273.887,4.7
2021-10-31,0.003203174677829802,0.862008095238095,276.434,4.5
2021-11-30,-0.006711191032186859,0.876749545454545,278.799,4.1
2021-12-31,0.0043498128422560746,0.884841739130435,280.808,3.9
2022-01-31,0.008622140571911992,0.883386666666667,282.39,4.0
2022-02-28,0.005767691932311375,0.881508,284.535,3.8
2022-03-31,0.0032637390386153643,0.907314782608696,287.553,3.6
2022-04-30,0.0010546865822017172,0.9258666666666672,288.764,3.7
2022-05-31,0.007428573121869213,0.945338636363636,291.359,3.6
2022-06-30,-0.0020436083248862908,0.946507727272727,294.996,3.6
2022-07-31,-0.0027935156332713007,0.98224380952381,294.977,3.5
2022-08-31,-0.006152881324402706,0.987073043478261,295.209,3.6
2022-09-30,-0.0034899639983951634,1.01043,296.341,3.5
